id,hook,b1,b2,b3,cta,hashtags
b2_1,Cloudways or Kinsta? Fast answer,Backups & staging,System font stack,"GeneratePress, no builder",See my stack + settings. Link in bio.,#seo #webdev
b2_2,Cloudways or Kinsta? Fast answer,ShortPixel WebP/AVIF,"GeneratePress, no builder",Lower entry price,See my stack + settings. Link in bio.,#wordpress #pagespeed
b2_3,Cloudways or Kinsta? Fast answer,Privacy-first tracking,Backups & staging,Granular scaling,See my stack + settings. Link in bio.,#lcp #cwv
b2_4,Cloudways or Kinsta? Fast answer,Granular scaling,"GeneratePress, no builder",CDN + edge cache,See my stack + settings. Link in bio.,#seo #webdev
b2_5,GeneratePress or Astra? Choose fast,Backups & staging,CDN + edge cache,ShortPixel WebP/AVIF,See my stack + settings. Link in bio.,#analytics #privacy
b2_6,GeneratePress or Astra? Choose fast,"GeneratePress, no builder",Privacy-first tracking,Granular scaling,See my stack + settings. Link in bio.,#analytics #privacy
b2_7,GeneratePress or Astra? Choose fast,Backups & staging,Lower entry price,Delay non-critical JS,See my stack + settings. Link in bio.,#wordpress #pagespeed
b2_8,GeneratePress or Astra? Choose fast,Granular scaling,ShortPixel WebP/AVIF,Privacy-first tracking,See my stack + settings. Link in bio.,#lcp #cwv
b2_9,RankMath or Yoast? Pick right,Privacy-first tracking,Backups & staging,System font stack,See my stack + settings. Link in bio.,#lcp #cwv
b2_10,RankMath or Yoast? Pick right,Granular scaling,Backups & staging,Delay non-critical JS,See my stack + settings. Link in bio.,#analytics #privacy
b2_11,RankMath or Yoast? Pick right,Backups & staging,CDN + edge cache,Lower entry price,See my stack + settings. Link in bio.,#lcp #cwv
b2_12,RankMath or Yoast? Pick right,"GeneratePress, no builder",Delay non-critical JS,System font stack,See my stack + settings. Link in bio.,#photography #hosting
b2_13,Umami or Plausible? Privacy wins,Backups & staging,Privacy-first tracking,"GeneratePress, no builder",See my stack + settings. Link in bio.,#analytics #privacy
b2_14,Umami or Plausible? Privacy wins,Lower entry price,Privacy-first tracking,Backups & staging,See my stack + settings. Link in bio.,#photography #hosting
b2_15,Umami or Plausible? Privacy wins,Lower entry price,Preload key requests,Backups & staging,See my stack + settings. Link in bio.,#photography #hosting
b2_16,Umami or Plausible? Privacy wins,Delay non-critical JS,Privacy-first tracking,ShortPixel WebP/AVIF,See my stack + settings. Link in bio.,#photography #hosting
b2_17,WP Rocket or free cache?,Preload key requests,System font stack,Privacy-first tracking,See my stack + settings. Link in bio.,#wordpress #pagespeed
b2_18,WP Rocket or free cache?,System font stack,Privacy-first tracking,"GeneratePress, no builder",See my stack + settings. Link in bio.,#lcp #cwv
b2_19,WP Rocket or free cache?,"GeneratePress, no builder",ShortPixel WebP/AVIF,System font stack,See my stack + settings. Link in bio.,#photography #hosting
b2_20,WP Rocket or free cache?,Delay non-critical JS,Preload key requests,Backups & staging,See my stack + settings. Link in bio.,#lcp #cwv
b2_21,Fix slow WordPress in 10 minutes,ShortPixel WebP/AVIF,Preload key requests,System font stack,See my stack + settings. Link in bio.,#wordpress #pagespeed
b2_22,Fix slow WordPress in 10 minutes,CDN + edge cache,Backups & staging,ShortPixel WebP/AVIF,See my stack + settings. Link in bio.,#photography #hosting
b2_23,Fix slow WordPress in 10 minutes,Lower entry price,Granular scaling,Privacy-first tracking,See my stack + settings. Link in bio.,#seo #webdev
b2_24,Fix slow WordPress in 10 minutes,System font stack,Backups & staging,Preload key requests,See my stack + settings. Link in bio.,#analytics #privacy
b2_25,Stop CLS in two steps,Granular scaling,System font stack,Lower entry price,See my stack + settings. Link in bio.,#analytics #privacy
b2_26,Stop CLS in two steps,CDN + edge cache,System font stack,Lower entry price,See my stack + settings. Link in bio.,#wordpress #pagespeed
b2_27,Stop CLS in two steps,CDN + edge cache,Delay non-critical JS,ShortPixel WebP/AVIF,See my stack + settings. Link in bio.,#photography #hosting
b2_28,Stop CLS in two steps,"GeneratePress, no builder",Privacy-first tracking,Backups & staging,See my stack + settings. Link in bio.,#seo #webdev
b2_29,Hit LCP under 2.5s today,Granular scaling,Privacy-first tracking,"GeneratePress, no builder",See my stack + settings. Link in bio.,#wordpress #pagespeed
b2_30,Hit LCP under 2.5s today,Preload key requests,Privacy-first tracking,Backups & staging,See my stack + settings. Link in bio.,#lcp #cwv
b2_31,Hit LCP under 2.5s today,Backups & staging,Lower entry price,Privacy-first tracking,See my stack + settings. Link in bio.,#wordpress #pagespeed
b2_32,Hit LCP under 2.5s today,CDN + edge cache,Privacy-first tracking,Granular scaling,See my stack + settings. Link in bio.,#analytics #privacy
b2_33,"Delay JS safely, instantly",CDN + edge cache,Preload key requests,Delay non-critical JS,See my stack + settings. Link in bio.,#analytics #privacy
b2_34,"Delay JS safely, instantly",Privacy-first tracking,Backups & staging,System font stack,See my stack + settings. Link in bio.,#lcp #cwv
b2_35,"Delay JS safely, instantly",System font stack,Granular scaling,CDN + edge cache,See my stack + settings. Link in bio.,#lcp #cwv
b2_36,"Delay JS safely, instantly",Granular scaling,Backups & staging,Lower entry price,See my stack + settings. Link in bio.,#seo #webdev
b2_37,Compress images without ugly blur,System font stack,Backups & staging,"GeneratePress, no builder",See my stack + settings. Link in bio.,#lcp #cwv
b2_38,Compress images without ugly blur,Preload key requests,Delay non-critical JS,Lower entry price,See my stack + settings. Link in bio.,#photography #hosting
b2_39,Compress images without ugly blur,Preload key requests,Lower entry price,Backups & staging,See my stack + settings. Link in bio.,#wordpress #pagespeed
b2_40,Compress images without ugly blur,Lower entry price,Backups & staging,CDN + edge cache,See my stack + settings. Link in bio.,#wordpress #pagespeed
b2_41,Best hosting for photographers 2025,CDN + edge cache,Lower entry price,Delay non-critical JS,See my stack + settings. Link in bio.,#wordpress #pagespeed
b2_42,Best hosting for photographers 2025,System font stack,Granular scaling,CDN + edge cache,See my stack + settings. Link in bio.,#analytics #privacy
b2_43,Best hosting for photographers 2025,Delay non-critical JS,Lower entry price,ShortPixel WebP/AVIF,See my stack + settings. Link in bio.,#wordpress #pagespeed
b2_44,Best hosting for photographers 2025,Preload key requests,Privacy-first tracking,System font stack,See my stack + settings. Link in bio.,#analytics #privacy
b2_45,Best stack under €20/mo,Preload key requests,Delay non-critical JS,ShortPixel WebP/AVIF,See my stack + settings. Link in bio.,#analytics #privacy
b2_46,Best stack under €20/mo,Delay non-critical JS,System font stack,Lower entry price,See my stack + settings. Link in bio.,#lcp #cwv
b2_47,Best stack under €20/mo,Delay non-critical JS,Preload key requests,ShortPixel WebP/AVIF,See my stack + settings. Link in bio.,#seo #webdev
b2_48,Best stack under €20/mo,CDN + edge cache,ShortPixel WebP/AVIF,Lower entry price,See my stack + settings. Link in bio.,#seo #webdev
b2_49,Best image optimizer for WP,Preload key requests,"GeneratePress, no builder",Granular scaling,See my stack + settings. Link in bio.,#photography #hosting
b2_50,Best image optimizer for WP,Preload key requests,System font stack,Lower entry price,See my stack + settings. Link in bio.,#wordpress #pagespeed
